Time,Day_of_week,Age_band_of_driver,Sex_of_driver,Educational_level,Vehicle_driver_relation,Driving_experience,Type_of_vehicle,Owner_of_vehicle,Area_accident_occured,Lanes_or_Medians,Road_allignment,Types_of_Junction,Road_surface_type,Road_surface_conditions,Light_conditions,Weather_conditions,Type_of_collision,Number_of_vehicles_involved,Number_of_casualties,Vehicle_movement,Casualty_class,Sex_of_casualty,Age_band_of_casualty,Casualty_severity,Work_of_casuality,Pedestrian_movement,Cause_of_accident,Accident_severity
0,5,3,1,0,3,0,14,3,6,6,5,1,0,0,3,2,8,2,1,3,0,1,4,3,3,5,12,2
0,5,0,1,4,2,5,7,3,9,2,5,1,0,0,3,2,8,2,1,2,1,0,5,3,0,5,9,2
0,2,2,1,6,0,5,0,3,6,2,5,7,0,0,3,2,8,2,2,2,3,2,0,0,6,5,16,2
0,2,2,1,4,0,5,0,3,9,4,5,7,0,0,3,2,8,2,2,3,2,1,4,2,3,5,0,2
2,6,3,1,4,0,6,14,3,6,0,5,0,0,0,2,2,2,2,1,3,2,1,3,3,6,6,1,2
2,6,0,1,4,0,3,8,3,6,0,5,0,0,0,2,2,8,2,1,2,2,1,3,3,6,6,16,2
1,1,2,1,4,0,4,5,3,7,2,5,0,0,0,3,2,2,1,1,2,0,1,4,3,0,5,14,2
1,2,2,1,4,0,2,0,3,7,2,5,0,0,0,3,2,8,2,1,2,3,2,0,0,6,5,13,1
1,2,2,1,4,0,6,0,3,9,2,5,0,1,0,3,2,6,2,1,2,1,0,4,3,5,5,12,1
2,0,0,0,4,0,3,5,3,2,2,5,1,0,0,2,2,8,2,1,2,3,2,0,0,0,5,1,1
2,0,2,1,6,0,5,5,0,2,0,5,1,0,0,2,2,8,2,1,2,0,1,5,3,0,5,9,1
1,6,0,1,4,0,5,5,3,9,0,5,7,0,0,3,2,8,2,1,2,3,2,0,0,0,5,0,1
1,6,2,1,3,2,2,8,3,6,2,6,7,0,0,3,2,8,2,1,2,0,1,3,3,6,5,11,1
1,1,4,1,0,3,0,8,3,6,2,6,7,0,0,3,2,8,2,1,2,2,1,3,3,0,5,10,2
1,1,2,1,4,0,6,0,3,9,2,5,7,0,0,3,2,1,2,1,2,0,1,5,3,0,5,12,2
0,3,4,1,4,3,0,7,3,2,6,5,1,0,0,3,2,6,1,1,4,3,2,0,0,3,5,10,1
2,4,3,1,4,0,3,0,3,7,2,5,1,0,0,3,2,8,1,1,2,1,0,5,3,0,5,10,2
0,1,3,1,4,2,4,0,3,6,2,5,7,0,0,3,2,6,2,1,7,1,1,2,3,6,5,9,2
0,1,2,1,0,0,0,6,3,7,2,5,7,0,0,3,2,8,2,1,2,0,0,4,3,6,5,1,2
1,0,3,1,4,0,6,0,3,7,2,5,7,0,0,3,2,8,1,1,7,3,2,0,0,0,5,11,2
2,0,2,1,4,2,4,0,3,13,5,5,7,0,0,2,2,8,1,1,2,0,1,4,3,6,5,9,2
0,0,0,1,4,0,5,9,0,9,2,5,1,0,0,3,2,4,2,1,7,3,2,0,0,0,5,7,2
0,0,2,1,4,0,4,0,3,2,4,5,1,0,0,3,2,8,2,1,11,3,2,0,0,2,5,16,2
2,3,2,1,4,0,3,11,3,9,5,5,0,0,0,3,2,2,1,1,2,0,1,2,3,2,5,14,2
1,5,3,1,4,0,5,5,3,6,4,5,1,0,3,3,4,8,2,4,7,0,1,4,3,3,5,1,2
1,5,3,1,4,0,4,11,3,1,6,5,1,0,3,3,4,8,2,4,4,3,2,0,0,0,5,8,2
1,5,3,1,3,0,5,0,0,6,6,6,1,0,3,3,4,8,2,4,2,1,0,5,3,0,5,13,2
1,5,4,1,6,2,5,0,3,4,6,5,1,0,3,3,4,1,2,4,2,3,2,0,0,0,5,0,2
1,2,3,1,4,0,4,0,3,13,5,5,0,0,0,3,2,8,2,1,2,0,1,3,3,6,5,1,2
1,2,2,1,4,0,4,0,3,9,4,5,0,0,0,3,2,8,2,1,3,2,0,3,3,6,6,11,2
2,1,3,1,4,0,4,5,0,9,6,5,7,0,0,3,2,8,2,1,2,2,0,3,3,0,1,15,2
2,1,4,1,4,0,5,0,3,4,6,5,7,0,0,3,2,6,2,1,2,3,2,0,0,2,5,0,2
2,4,2,1,4,0,3,10,3,9,4,5,1,0,0,3,2,2,1,1,2,0,1,1,3,0,5,12,2
2,5,0,1,4,2,4,0,3,9,6,5,1,0,0,3,2,8,2,1,2,0,1,3,3,6,5,1,1
2,5,0,1,5,2,4,11,3,6,4,5,1,0,0,3,2,8,2,1,4,3,2,0,0,0,5,10,1
1,3,0,1,0,0,0,5,3,6,0,0,0,0,0,3,2,2,1,1,11,2,0,4,3,0,5,11,1
2,5,0,1,4,2,3,0,3,6,6,5,7,0,3,3,4,8,2,3,2,3,2,0,0,1,5,10,2
2,5,3,1,4,3,2,4,3,6,4,0,7,0,3,3,4,8,2,3,9,0,1,3,2,6,5,12,2
2,5,3,1,5,0,3,10,3,6,1,5,7,0,3,3,4,8,2,3,2,3,2,0,0,4,5,13,2
2,5,3,1,6,0,3,10,3,6,4,5,7,0,3,3,4,6,2,3,3,0,0,3,3,0,5,3,2
1,6,3,1,4,0,6,0,3,6,6,5,1,0,0,3,2,6,2,1,3,1,0,2,3,3,5,0,1
1,6,2,1,5,0,3,3,3,9,6,5,1,0,0,3,2,1,2,1,2,3,2,0,0,3,5,3,1
1,0,2,1,4,0,4,5,3,9,1,5,7,0,3,3,4,8,3,1,4,0,1,4,3,0,5,0,2
1,0,2,1,6,1,4,4,3,7,1,5,7,0,3,3,4,8,3,1,2,3,2,0,0,6,5,12,2
1,0,4,1,5,0,6,5,3,2,4,5,7,0,3,3,4,8,3,1,2,0,0,4,3,0,5,10,2
1,2,2,1,3,0,5,9,3,1,6,5,7,0,3,3,4,1,2,1,2,0,1,3,3,0,5,1,2
1,2,2,1,5,0,3,0,3,4,4,5,7,0,3,3,4,1,2,1,2,3,2,0,0,3,5,1,2
2,1,3,1,5,0,5,15,3,9,6,5,0,0,0,3,2,8,2,1,2,0,1,4,3,0,5,2,2
2,1,2,1,5,0,4,0,3,9,6,8,0,0,0,3,2,8,2,1,2,1,0,2,3,6,5,10,2
1,3,3,1,4,0,3,0,3,6,0,5,1,0,0,3,2,8,1,1,2,3,2,0,0,0,5,1,2
2,5,2,1,6,0,6,0,3,0,4,5,1,0,0,3,2,2,2,2,2,0,1,4,3,6,5,0,2
2,5,2,1,6,0,4,5,3,13,6,5,1,0,0,3,2,8,2,2,4,0,1,4,3,0,5,7,2
2,5,0,1,3,0,5,0,3,4,6,5,1,0,0,3,2,2,2,2,2,0,1,3,3,6,5,13,2
0,4,3,1,3,0,3,0,3,9,3,5,7,0,0,3,2,8,2,1,5,3,2,0,0,3,5,13,2
0,4,0,1,4,0,0,5,0,9,4,5,7,0,0,3,2,8,2,1,2,0,0,3,3,0,5,10,2
1,4,0,0,0,3,0,0,3,7,4,5,7,0,0,3,2,2,2,1,2,3,2,0,0,0,5,12,2
1,4,4,1,3,0,5,0,0,9,6,5,7,0,0,3,2,8,2,1,2,0,1,3,3,2,5,16,2
2,6,2,1,4,0,4,0,3,10,4,1,7,0,0,2,2,8,2,2,10,3,2,0,0,6,5,11,2
2,6,2,1,4,0,5,15,3,10,4,1,7,0,0,2,2,2,2,2,2,2,0,2,3,6,5,10,2
2,6,2,1,5,0,4,0,3,6,0,5,7,0,0,2,2,2,2,2,2,0,1,1,3,2,5,1,2
0,4,3,1,4,0,3,0,3,9,4,1,1,0,0,3,2,8,1,1,2,0,1,5,3,0,5,3,2
0,4,0,0,4,0,3,0,3,9,6,5,7,0,0,3,4,8,3,1,2,3,2,0,0,0,5,1,2
0,4,2,1,4,0,5,8,3,5,6,5,7,0,0,3,4,8,3,1,9,3,2,0,0,6,5,16,2
0,4,0,1,1,0,0,0,3,9,6,5,7,0,0,3,4,8,3,1,2,2,0,4,3,0,5,13,2
1,3,2,1,4,0,5,0,3,2,6,5,3,0,3,3,2,8,2,1,2,3,2,0,0,6,5,4,1
1,3,3,1,4,0,3,9,3,6,4,5,3,0,3,3,2,8,2,1,3,1,0,3,3,0,5,2,1
0,3,3,1,4,0,4,10,3,6,2,7,7,0,0,3,2,8,2,2,2,2,0,4,2,0,5,19,2
0,3,2,1,4,0,6,4,0,6,2,0,7,0,0,3,2,8,2,2,3,3,2,0,0,6,5,1,2
0,1,2,1,4,2,5,14,3,7,4,7,1,0,3,3,2,8,2,1,2,0,1,1,3,6,5,10,2
0,1,0,0,5,0,3,12,3,7,4,5,1,0,3,3,2,8,2,1,2,2,1,3,3,6,5,13,2
1,1,0,0,4,0,6,14,3,9,2,5,1,0,3,3,7,8,2,2,2,1,0,5,3,6,5,12,2
1,1,3,1,4,0,3,0,3,7,2,5,1,0,3,3,7,8,2,2,2,1,0,5,3,2,5,0,2
1,1,3,1,4,0,4,0,3,7,4,6,1,0,3,3,7,8,2,2,10,3,2,0,0,3,5,11,2
1,2,3,1,4,0,6,7,3,7,2,5,3,0,0,3,2,8,2,1,2,3,2,0,0,6,5,16,2
1,2,2,1,4,0,4,15,0,7,4,5,3,0,0,3,2,8,2,1,2,0,0,4,3,4,5,3,2
3,3,3,1,3,0,5,0,3,7,0,6,3,0,0,2,2,8,2,1,2,2,1,3,3,2,6,12,2
3,3,2,1,0,3,0,14,3,7,2,5,3,0,0,2,2,8,2,1,2,2,0,3,2,0,5,11,2
0,5,3,1,3,0,3,0,3,2,2,5,1,0,0,3,2,8,2,1,2,1,0,5,3,2,5,1,2
0,5,2,1,3,0,5,9,3,7,4,5,1,0,0,3,2,2,2,1,2,0,1,4,3,0,5,3,2
0,2,2,1,3,0,5,0,1,4,2,5,0,0,0,3,2,8,2,1,8,2,1,5,2,2,5,1,2
0,2,2,1,4,0,3,0,3,9,0,5,0,0,0,3,2,1,2,1,9,0,1,3,3,6,5,1,2
0,2,4,1,4,0,5,5,0,7,2,5,7,0,0,3,2,8,2,1,1,0,0,3,3,0,5,0,2
0,2,2,1,4,0,5,0,3,6,2,5,7,0,0,3,2,2,2,1,3,0,1,4,3,0,5,17,2
1,6,4,1,4,0,4,11,3,4,5,5,7,0,0,3,2,8,1,1,3,1,0,2,3,3,5,3,1
0,4,4,1,4,0,3,0,3,4,0,5,1,0,0,3,2,8,1,1,2,1,1,2,3,6,5,10,2
3,4,0,0,4,0,5,9,3,7,2,5,1,0,0,2,7,8,1,1,9,3,2,0,0,6,5,3,1
2,5,4,1,4,0,2,9,1,3,2,5,1,0,0,3,2,8,1,1,2,2,0,5,3,1,6,0,2
0,5,2,1,4,0,5,0,3,6,1,5,7,0,0,3,2,8,2,1,2,0,1,4,3,0,5,12,2
0,5,0,1,4,2,5,0,3,2,4,5,7,0,0,3,2,6,2,1,10,0,1,4,3,2,5,1,2
1,1,3,1,0,2,5,0,1,3,4,7,0,0,3,3,4,2,2,1,2,2,0,4,3,0,6,10,2
1,1,2,1,4,0,5,5,3,6,6,5,0,0,3,3,4,8,2,1,2,2,0,2,3,0,5,9,2
1,4,4,1,5,0,4,9,3,7,2,0,1,0,0,3,2,2,2,1,10,1,0,5,3,0,5,9,2
1,4,2,1,6,0,5,4,3,6,4,5,1,0,0,3,2,8,2,1,8,3,2,0,0,0,5,10,2
2,0,3,1,4,0,6,0,3,6,2,7,1,0,0,3,2,8,2,2,2,2,1,5,3,0,5,10,2
2,0,3,1,4,0,2,0,3,7,0,3,1,0,0,3,2,8,2,2,3,0,1,5,3,0,5,10,2
2,0,3,1,3,0,5,0,3,6,4,6,1,0,0,3,2,8,2,2,1,3,2,0,0,0,5,11,2
0,4,2,1,3,0,4,1,3,9,4,5,7,0,0,3,2,8,2,1,2,0,1,3,3,0,5,3,2
0,4,2,1,4,0,4,9,3,7,2,5,7,0,0,3,2,2,2,1,2,3,2,0,0,4,5,1,2
2,3,2,1,4,0,3,4,3,6,0,5,7,0,0,2,2,8,2,2,9,0,1,4,3,6,5,0,2
2,3,2,1,4,0,4,0,3,6,4,7,7,0,0,2,2,2,2,2,3,3,2,0,0,6,5,3,2
0,2,4,1,4,0,4,0,3,6,6,5,0,0,3,3,4,8,2,1,2,2,1,3,2,6,6,3,2
0,2,2,1,4,0,6,0,3,7,2,6,0,2,3,3,4,8,2,1,3,3,2,0,0,0,5,10,2
1,1,2,1,5,0,2,4,3,2,4,5,7,0,3,3,4,8,2,1,2,0,0,4,3,0,5,13,2
1,1,3,1,4,0,4,5,3,4,4,5,7,0,3,3,4,8,2,1,11,1,0,2,3,6,5,1,2
0,3,3,1,5,0,6,8,3,6,0,5,3,0,0,3,7,8,1,1,2,3,2,0,0,6,5,1,2
1,5,2,1,4,0,6,4,3,2,4,5,0,0,0,3,2,8,3,2,11,0,0,3,3,6,5,10,2
1,5,3,1,5,0,5,14,3,6,4,5,0,0,0,3,2,8,3,2,2,0,1,5,3,6,5,10,2
1,5,3,1,4,0,6,7,3,6,6,5,0,0,0,3,2,8,3,2,11,3,2,0,0,0,5,17,2
3,6,3,1,4,0,3,7,3,9,2,5,0,0,3,2,4,8,1,1,2,3,2,0,0,0,5,2,2
0,5,2,1,4,0,4,4,3,6,2,5,7,0,0,3,2,8,2,1,2,0,1,4,3,0,5,12,2
0,5,3,1,3,0,4,0,3,9,4,5,7,0,0,3,2,8,2,1,2,3,2,0,0,2,5,11,2
1,5,2,1,3,1,5,0,3,6,0,5,7,0,0,3,2,6,2,1,2,3,2,0,0,0,5,12,2
1,5,3,1,4,0,5,5,3,6,0,5,7,0,0,3,2,2,2,1,2,2,0,4,3,6,5,13,2
1,5,2,1,5,2,5,7,3,7,2,5,0,0,0,3,2,8,2,3,4,3,2,0,0,0,5,13,2
1,5,2,1,4,0,6,5,3,7,2,5,0,0,0,3,2,8,2,3,4,0,1,3,3,0,5,9,2
1,5,2,1,4,0,2,0,3,9,2,5,0,0,0,3,2,2,2,3,2,0,1,3,3,5,5,10,2
1,5,2,1,4,1,2,8,3,2,2,5,0,0,0,3,2,8,2,3,2,3,2,0,0,0,5,9,2
0,3,4,1,4,0,6,5,0,2,0,5,0,0,0,3,2,8,1,1,1,3,2,0,0,0,5,12,2
2,6,4,1,5,2,5,10,3,9,0,5,1,0,0,2,2,8,2,4,2,0,1,4,3,0,5,3,1
2,6,4,1,3,2,5,3,3,6,2,6,1,0,0,2,2,6,2,4,2,1,0,1,3,0,5,10,1
2,6,4,1,4,0,4,0,3,6,2,6,1,0,0,2,2,6,2,4,2,1,0,1,3,1,5,13,1
2,6,4,1,4,0,4,0,3,9,2,5,1,0,0,2,2,1,2,4,2,0,1,4,3,0,5,1,1
1,5,3,1,6,0,5,7,3,2,6,5,1,0,0,3,2,8,1,1,2,2,1,3,3,3,6,10,1
3,6,1,1,4,2,4,0,3,7,2,5,7,0,3,2,4,8,3,1,1,2,0,4,3,0,5,3,2
3,6,3,1,0,3,0,3,3,6,2,5,7,0,3,2,4,8,3,1,2,0,1,3,3,0,5,10,2
3,6,0,1,4,0,4,9,3,7,2,5,7,0,3,2,4,1,3,1,2,3,2,0,0,6,5,12,2
2,5,0,1,4,0,5,9,3,7,2,5,3,0,0,3,2,1,2,2,4,3,2,0,0,0,5,1,2
2,5,2,1,4,0,4,7,3,13,5,5,3,0,0,3,2,8,2,2,2,0,1,5,3,6,5,11,2
2,5,2,1,3,0,3,7,0,9,2,5,3,0,0,3,2,8,2,2,2,2,0,5,3,6,5,12,2
2,1,2,1,5,0,0,7,3,2,4,5,7,0,0,2,3,8,3,3,2,2,0,3,3,6,5,0,2
2,1,2,1,4,2,3,9,3,7,4,5,7,0,0,2,3,2,3,3,2,2,0,1,3,0,5,18,2
2,1,2,1,4,0,4,5,3,7,1,5,7,0,0,2,3,8,3,3,2,2,1,3,3,0,1,4,2
2,1,0,0,4,0,3,7,3,9,2,5,7,0,0,2,3,2,3,3,7,0,1,4,2,0,5,3,2
2,1,0,0,3,0,6,9,3,6,1,5,7,0,0,2,3,8,3,3,4,3,2,0,0,0,5,4,2
2,1,0,0,4,0,4,7,3,4,2,5,7,0,0,2,3,8,3,3,2,0,0,3,3,0,5,3,2
0,1,0,1,4,0,4,4,0,9,0,5,1,0,0,3,7,2,1,1,2,3,2,0,0,0,5,11,1
1,6,2,1,4,0,4,7,3,6,5,5,7,0,0,3,2,8,1,1,2,0,1,3,3,1,5,3,2
3,0,3,1,4,0,4,7,3,7,5,5,4,0,0,2,2,8,1,1,2,3,2,0,0,6,5,1,1
1,6,1,1,3,0,4,7,3,2,6,5,7,0,0,3,2,2,1,1,2,0,1,3,3,0,5,9,0
2,4,2,1,4,0,4,8,3,4,5,5,1,0,0,2,2,2,3,3,2,1,1,3,3,6,5,3,2
2,4,2,1,3,0,5,0,3,1,1,5,1,0,0,2,2,8,3,3,2,3,2,0,0,3,5,1,2
2,4,2,1,3,0,4,7,3,0,4,5,1,0,0,2,2,8,3,3,2,0,1,2,3,6,5,3,2
2,4,2,1,4,0,6,5,3,7,2,5,1,0,0,2,2,8,3,3,2,3,2,0,0,3,5,3,2
2,1,3,1,4,0,6,10,3,7,2,5,7,0,3,2,4,8,2,1,3,0,1,3,3,6,5,3,0
2,1,3,2,5,0,6,0,3,4,2,5,7,0,3,2,4,8,2,1,3,0,1,3,3,3,5,1,0
1,4,0,1,4,0,5,8,0,7,2,5,1,0,0,3,2,8,2,1,9,2,1,5,3,6,1,1,2
1,4,2,1,4,2,4,5,0,6,6,5,1,0,0,3,2,8,2,1,4,3,2,0,0,6,5,3,2
0,1,3,1,3,0,3,9,3,13,6,5,3,0,3,3,4,8,1,1,4,0,0,4,3,3,5,16,2
0,4,0,1,4,0,4,7,3,6,2,5,1,0,0,3,2,8,2,2,2,1,1,3,3,1,5,1,2
0,4,2,1,4,0,5,5,3,6,4,5,1,0,0,3,2,8,2,2,2,3,2,0,0,2,5,10,2
0,4,2,1,0,3,0,8,1,7,6,5,1,0,0,3,2,8,2,2,4,2,0,3,3,1,6,13,2
2,4,0,1,3,2,5,7,0,7,6,5,1,0,0,3,3,8,2,1,4,3,2,0,0,6,5,1,2
2,4,3,1,5,1,6,5,3,7,4,5,1,0,0,3,3,8,2,1,2,3,2,0,0,1,5,1,2
0,3,0,1,4,0,6,12,3,7,6,5,7,0,0,3,2,8,1,2,7,0,0,3,3,6,5,16,2
0,3,0,1,4,0,3,0,3,9,4,5,7,0,0,3,2,8,1,2,4,3,2,0,0,1,5,13,2
0,2,0,0,5,2,0,0,3,2,4,5,1,0,0,3,2,8,1,1,9,0,1,3,3,1,5,4,1
1,3,2,1,4,0,4,14,3,6,0,5,7,0,0,3,2,8,2,3,2,2,1,3,3,1,5,16,2
1,3,2,1,4,0,5,7,3,2,6,5,7,0,0,3,2,8,2,3,2,0,0,5,3,0,5,12,2
1,3,2,1,4,0,4,5,3,7,2,5,7,0,0,3,2,2,2,3,2,0,0,3,3,0,5,9,2
1,3,3,1,4,0,6,5,3,13,6,5,7,0,0,3,2,8,2,3,2,3,2,0,0,4,5,13,2
2,3,2,1,3,0,5,3,3,12,6,3,0,0,0,2,2,1,2,3,2,3,2,0,0,0,5,12,2
2,3,3,1,4,0,5,14,3,6,2,6,0,0,0,2,2,8,2,3,2,0,1,3,2,3,5,11,2
2,3,3,1,6,0,3,9,3,7,6,3,0,0,0,2,2,2,2,3,2,0,0,3,3,6,5,1,2
2,4,0,0,3,0,6,0,3,6,4,5,0,0,0,2,7,8,2,1,2,3,2,0,0,6,5,1,2
2,4,2,1,3,0,5,9,3,7,4,5,0,0,0,2,7,8,2,1,2,2,1,5,3,0,6,1,2
0,1,2,1,3,0,4,5,3,7,2,5,7,0,0,3,2,8,1,2,4,3,2,0,0,0,5,4,1
0,1,2,1,3,0,4,0,3,6,4,5,7,0,0,3,2,8,1,2,2,0,0,3,3,0,5,0,1
0,2,4,1,4,0,5,5,3,7,0,5,1,0,3,3,2,8,1,1,2,3,2,0,0,0,5,9,2
3,0,0,0,4,0,3,5,3,2,6,5,7,0,0,2,2,6,2,3,3,0,1,2,3,6,5,2,2
3,0,4,1,4,0,5,8,3,6,2,5,7,0,0,2,2,2,2,3,2,3,2,0,0,0,5,9,2
3,0,4,1,4,0,5,7,3,6,2,5,7,0,0,2,2,8,2,3,3,0,0,3,3,3,5,10,2
3,0,4,1,6,0,5,0,3,7,4,7,7,0,0,2,2,8,2,3,4,3,2,0,0,3,5,13,2
2,6,2,1,4,0,6,0,3,9,4,5,7,0,0,3,2,2,2,1,2,0,0,3,3,3,5,12,2
2,6,2,1,3,0,4,4,3,9,4,5,7,0,0,3,2,8,2,1,7,3,2,0,0,0,5,1,2
1,3,1,1,4,0,5,1,3,13,2,5,3,0,0,3,2,8,2,1,2,3,2,0,0,2,5,13,2
1,3,2,1,0,3,0,0,3,7,6,5,3,0,0,3,2,8,2,1,4,2,1,3,3,6,6,10,2
0,3,2,1,4,0,5,5,3,6,5,3,7,0,0,3,2,8,2,1,4,0,1,3,3,3,5,3,2
0,3,0,1,4,0,0,4,0,12,0,5,7,0,0,3,2,8,2,1,4,3,2,0,0,2,5,10,2
1,2,4,1,4,0,0,4,3,7,2,3,0,0,0,3,2,8,1,1,8,0,1,3,3,6,5,9,2
1,3,0,1,4,0,3,0,3,7,2,8,1,0,0,3,2,1,2,1,4,3,2,0,0,6,5,10,2
1,3,3,1,6,2,5,0,0,2,2,5,1,0,0,3,2,8,2,1,4,0,1,3,3,0,5,9,2
0,2,0,1,4,0,4,0,3,6,5,6,1,0,0,3,2,2,1,1,4,3,2,0,0,6,5,11,2
0,3,2,1,4,2,5,10,3,7,2,6,7,0,0,3,7,8,2,3,2,0,1,3,3,0,5,0,2
0,3,3,1,5,0,4,9,0,9,0,5,7,0,0,3,7,8,2,3,2,2,1,3,3,0,5,10,2
0,3,3,1,4,0,6,7,3,6,2,5,7,0,0,3,7,8,2,3,2,0,1,3,3,0,5,13,2
0,3,3,1,4,0,2,0,3,6,4,5,7,0,0,3,7,8,2,3,2,1,0,3,3,0,5,10,2
2,0,2,1,4,0,2,0,3,6,2,5,1,0,0,2,2,8,2,1,2,3,2,0,0,3,5,11,1
2,0,2,1,0,2,0,10,1,2,5,5,1,0,0,2,2,8,2,1,2,0,1,3,2,3,5,9,1
1,2,3,1,4,0,4,10,3,6,2,5,1,0,0,3,2,8,1,1,2,3,2,0,0,0,5,11,2
0,4,3,1,0,3,0,0,3,6,2,6,1,0,3,3,2,8,2,1,2,3,2,0,0,0,5,10,2
0,4,0,1,3,0,1,7,3,6,2,6,1,0,3,3,2,8,2,1,2,3,2,0,0,6,5,11,2
2,1,0,0,4,0,6,8,3,6,2,5,3,0,0,3,7,2,1,1,2,0,1,4,3,0,5,3,1
2,4,1,1,4,2,6,5,3,7,2,5,1,0,0,3,2,8,2,1,2,0,0,4,3,0,5,7,2
2,4,0,1,4,0,6,0,3,9,0,5,1,0,0,3,2,2,2,1,7,3,2,0,0,0,5,3,2
1,4,0,0,4,0,6,0,3,2,4,5,7,0,0,3,2,8,1,1,2,3,2,0,0,6,5,0,2
1,1,3,1,4,2,5,5,3,7,2,5,7,0,0,3,7,8,2,1,4,0,1,3,3,6,5,12,2
1,1,1,1,4,0,2,0,3,1,2,5,7,0,0,3,7,7,2,1,11,1,0,5,3,0,5,1,2
2,6,0,0,4,0,4,7,3,13,5,5,3,0,0,2,2,1,2,2,1,2,1,2,3,0,5,1,2
2,6,4,1,4,0,0,0,3,4,4,6,3,0,0,2,2,8,2,2,2,3,2,0,0,3,5,10,2
1,6,2,1,6,0,3,0,3,7,2,5,7,0,0,3,2,8,1,1,2,0,1,3,3,0,5,10,1
0,5,4,1,4,0,3,0,3,7,6,5,7,0,0,3,2,8,2,1,2,1,1,4,3,0,5,0,2
0,5,1,1,4,0,3,0,3,2,6,5,7,0,0,3,2,1,2,1,2,3,2,0,0,0,5,1,2
2,0,2,1,0,0,5,5,3,2,4,5,1,0,0,2,2,2,1,2,9,2,0,2,3,6,5,12,2
2,0,2,1,4,0,6,7,3,7,2,5,1,0,0,2,2,7,1,2,0,0,0,4,2,0,5,0,2
1,6,3,1,4,0,6,8,3,7,1,5,1,0,0,3,2,8,2,1,0,3,2,0,0,0,5,12,2
1,6,2,1,4,0,5,14,0,1,2,5,1,0,0,3,2,7,2,1,0,1,0,4,3,3,5,9,2
2,3,0,1,4,0,4,7,3,7,4,5,7,0,0,3,2,7,2,1,0,3,2,0,0,6,5,18,2
2,3,2,1,4,0,2,8,3,6,4,5,7,0,0,3,2,7,2,1,4,3,2,0,0,6,5,10,2
1,1,2,1,4,0,3,14,3,2,2,5,4,0,0,3,2,8,2,1,0,0,1,3,3,0,5,10,2
1,1,0,0,4,0,5,5,3,6,2,5,4,0,0,3,2,8,2,1,9,2,0,4,3,0,5,10,2
1,2,3,1,4,0,2,0,3,6,4,7,1,0,3,3,4,2,1,1,0,3,2,0,0,0,5,0,2
1,0,2,1,3,0,5,0,3,7,4,5,1,0,0,3,2,2,1,1,0,1,0,4,2,6,5,12,2
0,5,3,1,4,0,4,0,0,9,2,5,1,0,3,3,2,8,1,1,0,0,0,4,3,0,5,2,2
0,2,3,1,4,0,5,0,3,6,2,6,7,0,0,3,2,8,1,1,0,3,2,0,0,3,5,16,2
1,6,2,1,3,0,5,16,3,9,6,5,5,0,0,3,2,8,4,3,0,0,1,3,3,3,5,13,2
1,6,2,1,4,0,6,0,3,9,2,5,5,3,0,3,2,8,4,3,4,3,2,0,0,6,5,0,2
1,6,4,1,4,0,3,14,3,7,0,5,5,0,0,3,2,8,4,3,2,0,0,3,3,6,5,11,2
1,6,3,1,5,0,2,0,3,3,1,5,5,0,0,3,2,6,4,3,2,3,2,0,0,0,5,0,2
0,6,0,1,3,0,6,0,0,7,4,5,1,0,0,2,2,8,2,1,4,0,1,4,3,0,5,10,2
0,6,2,1,5,2,3,0,3,7,4,5,1,0,0,2,2,2,2,1,2,3,2,0,0,6,5,9,2
0,6,0,1,4,0,4,8,3,1,1,6,7,0,0,3,2,1,2,1,2,3,2,0,0,0,5,0,2
0,6,2,1,0,0,5,5,3,7,4,5,7,0,0,3,2,8,2,1,2,0,1,2,3,3,5,13,2
2,1,2,1,5,2,4,5,3,7,4,5,7,0,3,3,4,8,2,1,2,1,1,4,3,3,5,10,2
2,1,0,1,5,0,6,0,3,7,4,5,7,0,3,3,4,8,2,1,2,3,2,0,0,3,5,9,2
1,0,2,1,4,0,3,5,3,6,2,5,0,0,0,3,2,8,2,2,7,3,2,0,0,6,5,10,2
1,0,2,1,3,0,3,5,3,7,2,6,0,1,0,3,2,8,2,2,3,0,0,4,3,3,5,0,2
2,2,3,1,5,0,3,5,3,9,2,5,1,0,0,3,2,8,2,5,5,2,0,1,3,3,5,0,2
2,2,3,1,6,0,5,5,3,7,4,5,1,0,0,3,2,8,2,5,2,2,1,4,3,0,1,11,2
2,2,3,1,0,3,0,0,3,7,4,5,1,0,0,3,2,2,2,5,2,2,1,1,3,0,5,0,2
2,2,3,1,4,0,5,0,3,2,4,5,1,0,0,3,2,6,2,5,2,3,2,0,0,3,5,3,2
2,2,3,1,3,2,5,0,3,6,4,5,1,0,0,3,2,8,2,5,2,0,1,2,3,3,5,3,2
2,2,0,1,3,0,5,10,3,12,6,5,1,0,0,3,2,1,2,5,2,3,2,0,0,0,5,11,2
2,0,0,1,5,2,5,0,3,7,4,5,1,0,3,2,2,8,2,1,2,0,0,4,3,0,5,7,2
2,0,3,1,4,0,5,10,3,6,4,5,1,0,3,2,2,8,2,1,2,2,1,3,3,6,6,10,2
2,2,2,1,4,2,3,10,3,9,6,3,1,0,3,0,4,1,1,1,2,2,0,4,3,0,5,0,1
1,5,2,1,4,0,4,0,3,4,1,5,7,0,0,3,2,1,2,1,2,2,1,5,3,0,5,12,2
1,5,4,1,4,2,5,4,3,7,4,5,7,0,0,3,2,8,2,1,2,0,1,3,3,4,5,10,2